scenario,test_plan_id,truth,known_or_unknown,runs,PROVBIND,Falco,Confine-E,DeSFAM-E,Sig-only
benign-1,B1,benign,benign,5,0,5,5,5,0
benign-traffic,B2,benign,benign,5,0,0,0,5,0
ph4-14,B3,benign,benign,5,0,0,0,3,0
attack-1,R-U1,malicious,unknown,5,5,5,0,5,0
attack-2,R-U2,malicious,unknown,5,5,0,0,5,0
trust-1,R-K1,malicious,known,5,5,0,0,0,0
trust-2,—,malicious,known,5,5,0,0,0,0
rk-2,R-K2,malicious,known,5,0,0,0,5,0
rk-3,R-K3,malicious,known,5,5,0,0,5,0
ru-3,R-U3,malicious,unknown,5,5,0,0,4,0
ru-4,R-U4,malicious,unknown,5,5,5,0,5,0
ru-5,R-U5,malicious,unknown,5,0,0,0,5,0
benign-3,B4,benign,benign,5,0,0,0,5,0
benign-4,B5,benign,benign,5,0,0,0,5,0
ab-1,A-B1,benign,benign,5,0,5,0,0,0
ak-1,A-K1,malicious,known,5,5,5,0,0,0
ak-2,A-K2,malicious,known,5,5,5,0,0,5
ak-3,A-K3,malicious,known,5,5,5,0,0,0
au-2,A-U2,malicious,unknown,5,0,0,0,0,0
