metric,unit,configuration,median,min,max,overhead_pct
"request latency p50, mix",ms,none,0.8,0.79,0.81,0.0
"request latency p50, mix",ms,falco,0.83,0.82,0.83,3.2
"request latency p50, mix",ms,tetragon,0.81,0.8,0.81,0.4
"request latency p50, mix",ms,provbind,0.8,0.79,0.8,-0.5
"request latency p95, mix",ms,none,1.29,1.28,1.29,0.0
"request latency p95, mix",ms,falco,1.35,1.34,1.35,4.7
"request latency p95, mix",ms,tetragon,1.3,1.29,1.3,0.3
"request latency p95, mix",ms,provbind,1.29,1.29,1.29,-0.1
"throughput, mix",req/s,none,4735.84,4721.83,4786.28,0.0
"throughput, mix",req/s,falco,4577.18,4571.96,4611.89,3.4
"throughput, mix",req/s,tetragon,4721.92,4707.57,4723.82,0.3
"throughput, mix",req/s,provbind,4756.28,4751.44,4783.76,-0.4
"request latency p50, /cache",ms,none,0.87,0.87,0.87,0.0
"request latency p50, /cache",ms,falco,0.94,0.94,0.94,8.2
"request latency p50, /cache",ms,tetragon,0.95,0.94,0.96,9.7
"request latency p50, /cache",ms,provbind,0.95,0.95,0.96,9.9
"request latency p95, /cache",ms,none,1.08,1.08,1.08,0.0
"request latency p95, /cache",ms,falco,1.16,1.16,1.17,7.7
"request latency p95, /cache",ms,tetragon,1.16,1.15,1.16,7.7
"request latency p95, /cache",ms,provbind,1.17,1.16,1.17,8.0
"throughput, /cache",req/s,none,4498.96,4495.07,4500.66,0.0
"throughput, /cache",req/s,falco,4180.83,4173.56,4193.05,7.1
"throughput, /cache",req/s,tetragon,4179.3,4158.52,4209.02,7.1
"throughput, /cache",req/s,provbind,4163.33,4157.45,4179.25,7.5
"file write, worst case",us/op,none,95.76,94.39,96.42,0.0
"file write, worst case",us/op,falco,100.69,98.22,103.14,5.1
"file write, worst case",us/op,tetragon,97.38,96.51,97.73,1.7
"file write, worst case",us/op,provbind,100.78,95.19,104.89,5.2
"process spawn, worst case",ms/op,none,0.41,0.41,0.42,0.0
"process spawn, worst case",ms/op,falco,0.48,0.47,0.49,15.8
"process spawn, worst case",ms/op,tetragon,0.94,0.85,0.96,127.2
"process spawn, worst case",ms/op,provbind,0.91,0.84,0.95,118.6
monitor CPU (request workloads),% of one core,none,0.0,,,
monitor memory,MB,none,20.7,,,
host CPU busy,%,none,52.2,,,
monitor CPU (request workloads),% of one core,falco,8.17,,,
monitor memory,MB,falco,118.9,,,
host CPU busy,%,falco,53.76,,,
monitor CPU (request workloads),% of one core,tetragon,0.15,,,
monitor memory,MB,tetragon,155.1,,,
host CPU busy,%,tetragon,51.31,,,
monitor CPU (request workloads),% of one core,provbind,0.23,,,
monitor memory,MB,provbind,409.0,,,
host CPU busy,%,provbind,51.24,,,
